"","driver.num","order","order.ave","mile.ave","income.ave","passenger.time","work.time","vancant.time"
"before",249,7111,28.5582329317269,307.635676037483,992.484399598393,759.489959839357,1128.99598393574,0.327287279453614
"after",206,5244,25.4563106796117,209.960105177994,791.802382686084,482.354368932039,873.529126213592,0.447809632836335
